Id,Title
1,ادیداس
1,adidas
2,نایک
2,نایکی
2,nike
3,ریبوک
3,ریباک
3,reebok
4,زارا
4,zara
5,گوچی
5,gucci
6,پوما
6,puma
7,برند شنل
7,chanel
8,پرادا
8,prada
9,دولچه گابانا
9,dolce & gabbana
10,ورساچه
10,versace
11,هرمس
11,hermes
12,بربری
12,burberry
13,givenchy
14,لوییس ویتون
14,لویی ویتون
14,Louis Vuitton
15,رالف رولن 
15,ralph lauren
15,polo
15,پولو
15,پولوشرت
16,vera wang
17,ویکتوریا سکرت
17,victoria’s secret
18,لاکست
18,lacoste
19,میو میو
19,miu miu
20,تامی
20,tommy
21,فندی
21,fendi
22,تام فورد
22,tom ford
23,سوپریم
23,supreme
24,ارمانی
24,armani
25,اندر ارمور
25,under armour
26,کدز
26,keds
27,نیو بالانس
27,new balance
28,کی سوِییس
28,k-swiss
29,کاپا
29,kappa
30,فیلا
30,fila
31,اسیکس
31,asics
32,ونس
32,vans
33,اسکچرز
33,skechers
34,کانورس
34,all star
34,allstar
34,ال استار
35,چرم درسا
36,چرم مشهد
37,پارینه چرم
38,مارال چرم
39,چرم پاندورا
40,چرم ارا
41,شهر چرم
42,چرم نگار
43,مارک جردن
43,jordan
44,سالومون
44,salomon
45,کارتیه
45,کارتیر
45,cartier
46,مونیخ
46,munich
47,شیما کفش
48,ارتمن
49,jack and jones
50,پاما
51,کفش ملی
52,منگو
52,مانگو
52,mango
53,لیورجی
53,livergy
54,روبرتو کاوالی
54,roberto cavalli
55,کلوئه
55,chloe
56,geox
57,سله بن
58,ار ان اس
58,rns
59,ال سی من
60,ایران برک
61,ناوالیس
62,برتونیکس
63,ال سی وایکیکی
63,lcwaikiki
63,lc waikiki
63,lc-waikiki
64,aftmen wear
65,جین وست
66,exit wear
67,hatra gallery
68,hito style
69,ometstreetwear
70,delsey
71,دفاکتو
71,defacto
72,rees
73,uniti
74,weekend under the stars
75,ray ban
75,rayban
76,ایران نخ باف
77,انار گل
78,ایران پاکو
79, ایکات 
80,امشاسپند
81,بادی اسپینر
82,بانی نو
83,بانا
84,برک
85,بهدخت
86,پاتن جامه
87,پرسول 
87,persol
88,پوپوگروپ
89,تولیکا
90,تارتان
91,تن درست
92,تن پوش سنتی پارسی
93,تن پوش خاورمیانه
94,تن پوش دارکوب
95,تن پوش طوبی ارتمیس
96,تن پوش کاردستی
97,تن پوش ماهرو
98,تن پوش طبیعی جایدن
99,تن پوش هـ دو چشم
100,جامه پوش ارا
101,چرم کاکتوس
102,چرم وانیک
103,خانه مد راد
104,دنیس تریکو
105,دست دوست
106,ریسانی
107,ریکالاکو
108,زیبو
109,سارک
110,برند سالیان 
111,سیاوود
112,سیمین دخت
113,سرژه
114,فلانی
115,کادنو
116,کانی راش
117,کانون تولید ایران
118,گارودی
119,گوهری
120,ماتریس
121,مهراذین
122,مکنو
123,مادام
124,مهرباف
125,میس اسپورت
126,نوین چرم
127,ناربن
128,نون و ر
129,نیونیل
130,نوولا
131,هاکوپیان
132,هالیدی
133,هپی لند
134,ویزلند
135,ویمانا
136,کوتون
136,koton
137,اوکلی
137,oakley
138,so fever together
139,collezione
140,mavi
141,desa
142,پنتی
142,penti
143,ipekyol
144,sarar
145,دیور
145,dior
146,اچ اند ام
146,h&m
147,گپ
147,gap
148,سواروسکی
148,swarovski
149,فسیل
149,fossil
150,رادو
150,rado
151,tissot
152,رومانسون
152,romanson
153,سیتیزن
153,citizen
154,کاسیو
154,casio
155,امگا
155,omega
156,تیفانی
156,tiffany
156,tiffany & co
157,بولگاری
157,bvlgari
158,کوکو شنل
158,کوکوشنل
158,coco chanel
